{"cameraMode":{"drawMode":0,"name":"Shaded","section":"Shading Mode"},"sceneLighting":true,"audioPlay":false,"sceneViewState":{"m_AlwaysRefresh":false,"showFog":true,"showSkybox":true,"showFlares":true,"showImageEffects":true,"showParticleSystems":true,"showVisualEffectGraphs":true,"m_FxEnabled":true},"in2DMode":false,"pivot":{"x":-0.23405630886554719,"y":-9.789693832397461,"z":7.1775665283203129},"rotation":{"x":-0.40666601061820986,"y":0.006027000956237316,"z":-0.0026830811984837057,"w":-0.9135555624961853},"size":20.130229949951173,"orthographic":false}